{"successful_requests": 100, "slowest": 0.3279999999995198, "fastest": 0.18699999999989814, "total_time": 2.514999999999418, "requests_per_minute": 2386, "requests_per_second": 40}